episode,reward,success,steps,epsilon,avg100
1,-2796.0,0,300,0.997,-2796.0
2,-2851.0,0,300,0.994009,-2823.5
3,-2460.5,0,300,0.991026973,-2702.5
4,-2418.0,0,300,0.988053892081,-2631.375
5,-2511.0,0,300,0.985089730404757,-2607.3
6,-1917.0,0,300,0.9821344612135428,-2492.25
7,-2580.5,0,300,0.9791880578299021,-2504.8571428571427
8,-2719.0,0,300,0.9762504936564125,-2531.625
9,-2721.0,0,300,0.9733217421754432,-2552.6666666666665
10,-2304.5,0,300,0.9704017769489168,-2527.85
11,-2827.0,0,300,0.9674905716180701,-2555.0454545454545
12,-2358.0,0,300,0.9645880999032158,-2538.625
13,-2140.5,0,300,0.9616943356035061,-2508.0
14,-2637.0,0,300,0.9588092525966956,-2517.214285714286
15,-2368.5,0,300,0.9559328248389055,-2507.3
16,-2323.0,0,300,0.9530650263643888,-2495.78125
17,-2492.5,0,300,0.9502058312852957,-2495.5882352941176
18,-2129.0,0,300,0.9473552137914398,-2475.222222222222
19,-2164.0,0,300,0.9445131481500655,-2458.842105263158
20,-2383.5,0,300,0.9416796087056153,-2455.075
21,-2512.0,0,300,0.9388545698794984,-2457.785714285714
22,-2622.5,0,300,0.93603800616986,-2465.2727272727275
23,-2536.5,0,300,0.9332298921513504,-2468.3695652173915
24,-1920.0,0,300,0.9304302024748964,-2445.5208333333335
25,-2544.5,0,300,0.9276389118674717,-2449.48
26,-2581.5,0,300,0.9248559951318693,-2454.5576923076924
27,-2086.5,0,300,0.9220814271464737,-2440.925925925926
28,-2125.5,0,300,0.9193151828650342,-2429.660714285714
29,-2471.0,0,300,0.9165572373164391,-2431.0862068965516
30,-2549.0,0,300,0.9138075656044898,-2435.016666666667
31,-1612.5,0,300,0.9110661429076764,-2408.483870967742
32,-2043.5,0,300,0.9083329444789534,-2397.078125
33,-2527.5,0,300,0.9056079456455165,-2401.030303030303
34,-2263.0,0,300,0.90289112180858,-2396.970588235294
35,-2409.5,0,300,0.9001824484431542,-2397.3285714285716
36,-2038.0,0,300,0.8974819010978248,-2387.347222222222
37,-2743.5,0,300,0.8947894553945313,-2396.972972972973
38,-2134.5,0,300,0.8921050870283477,-2390.065789473684
39,-2552.5,0,300,0.8894287717672626,-2394.230769230769
40,-2238.0,0,300,0.8867604854519608,-2390.325
41,-2096.0,0,300,0.884100203995605,-2383.1463414634145
42,-2046.5,0,300,0.8814479033836181,-2375.1309523809523
43,-1856.5,0,300,0.8788035596734672,-2363.0697674418607
44,-2126.5,0,300,0.8761671489944468,-2357.693181818182
45,-2217.0,0,300,0.8735386475474635,-2354.5666666666666
46,-2018.0,0,300,0.8709180316048211,-2347.25
47,-1929.0,0,300,0.8683052775100066,-2338.351063829787
48,-1983.5,0,300,0.8657003616774767,-2330.9583333333335
49,-2321.0,0,300,0.8631032605924442,-2330.7551020408164
50,-2369.0,0,300,0.860513950810667,-2331.52
51,-2270.5,0,300,0.857932408958235,-2330.323529411765
52,-1974.5,0,300,0.8553586117313603,-2323.480769230769
53,-2089.0,0,300,0.8527925358961662,-2319.056603773585
54,-2077.5,0,300,0.8502341582884777,-2314.5833333333335
55,-2750.5,0,300,0.8476834558136123,-2322.509090909091
56,-2288.5,0,300,0.8451404054461714,-2321.901785714286
57,-2312.0,0,300,0.8426049842298329,-2321.7280701754385
58,-2198.5,0,300,0.8400771692771434,-2319.603448275862
59,-2146.5,0,300,0.837556937769312,-2316.669491525424
60,-2063.5,0,300,0.835044266956004,-2312.45
61,-2176.5,0,300,0.8325391341551359,-2310.22131147541
62,-2470.0,0,300,0.8300415167526705,-2312.798387096774
63,-1995.5,0,300,0.8275513922024125,-2307.7619047619046
64,-2065.0,0,300,0.8250687380258053,-2303.96875
65,-2222.5,0,300,0.8225935318117279,-2302.7153846153847
66,-1720.0,0,300,0.8201257512162927,-2293.8863636363635
67,-1981.5,0,300,0.8176653739626438,-2289.223880597015
68,-1875.5,0,300,0.8152123778407558,-2283.139705882353
69,-2148.5,0,300,0.8127667407072335,-2281.1884057971015
70,-1886.0,0,300,0.8103284404851119,-2275.542857142857
71,-1756.0,0,300,0.8078974551636565,-2268.225352112676
72,-1662.0,0,300,0.8054737627981655,-2259.8055555555557
73,-1837.0,0,300,0.803057341509771,-2254.013698630137
74,-2132.5,0,300,0.8006481694852418,-2252.3716216216217
75,-1936.5,0,300,0.798246224976786,-2248.16
76,-1741.5,0,300,0.7958514863018556,-2241.4934210526317
77,-1748.5,0,300,0.79346393184295,-2235.090909090909
78,-1956.5,0,300,0.7910835400474212,-2231.519230769231
79,-1342.0,0,300,0.7887102894272789,-2220.259493670886
80,-2281.0,0,300,0.7863441585589971,-2221.01875
81,-2173.0,0,300,0.78398512608332,-2220.425925925926
82,-2126.0,0,300,0.7816331707050701,-2219.2743902439024
83,-2544.0,0,300,0.7792882711929549,-2223.1867469879517
84,-2395.0,0,300,0.776950406379376,-2225.2321428571427
85,-2431.0,0,300,0.7746195551602378,-2227.6529411764704
86,-1735.0,0,300,0.7722956964947572,-2221.9244186046512
87,-1906.5,0,300,0.7699788094052729,-2218.2988505747126
88,-2720.5,0,300,0.767668872977057,-2224.005681818182
89,-668.0,1,143,0.7653658663581259,-2206.5224719101125
90,-2110.5,0,300,0.7630697687590515,-2205.4555555555557
91,-2333.5,0,300,0.7607805594527743,-2206.8626373626375
92,-1887.0,0,300,0.7584982177744161,-2203.3858695652175
93,-1526.0,0,300,0.7562227231210928,-2196.1021505376343
94,-1722.0,0,300,0.7539540549517295,-2191.058510638298
95,-1931.5,0,300,0.7516921927868743,-2188.3263157894735
96,-1835.5,0,300,0.7494371162085136,-2184.6510416666665
97,-2122.0,0,300,0.747188804859888,-2184.005154639175
98,-1761.5,0,300,0.7449472384453084,-2179.6938775510203
99,-2066.0,0,300,0.7427123967299725,-2178.5454545454545
100,-1768.5,0,300,0.7404842595397826,-2174.445
101,-1725.0,0,300,0.7382628067611632,-2163.735
102,-1900.5,0,300,0.7360480183408797,-2154.23
103,-1666.0,0,300,0.7338398742858571,-2146.285
104,-2296.5,0,300,0.7316383546629995,-2145.07
105,-2127.0,0,300,0.7294434395990105,-2141.23
106,-1709.0,0,300,0.7272551092802134,-2139.15
107,-2032.5,0,300,0.7250733439523728,-2133.67
108,-1396.0,1,300,0.7228981239205157,-2120.44
109,-1899.5,0,300,0.7207294295487541,-2112.225
110,-2012.0,0,300,0.7185672412601078,-2109.3
111,-1790.0,0,300,0.7164115395363275,-2098.93
112,-1803.5,0,300,0.7142623049177186,-2093.385
113,-1955.5,0,300,0.7121195180029655,-2091.535
114,-1790.0,0,300,0.7099831594489566,-2083.065
115,-1834.0,0,300,0.7078532099706097,-2077.72
116,-2625.0,0,300,0.7057296503406979,-2080.74
117,-1751.5,0,300,0.7036124613896758,-2073.33
118,-2089.5,0,300,0.7015016240055068,-2072.935
119,-1595.5,0,300,0.6993971191334902,-2067.25
120,-1709.0,0,300,0.6972989277760897,-2060.505
121,-1627.5,0,300,0.6952070309927615,-2051.66
122,-1914.5,0,300,0.6931214098997832,-2044.58
123,-1693.5,0,300,0.6910420456700839,-2036.15
124,-2185.0,0,300,0.6889689195330736,-2038.8
125,-2122.0,0,300,0.6869020127744744,-2034.575
126,-1885.0,0,300,0.684841306736151,-2027.61
127,-1714.0,0,300,0.6827867828159425,-2023.885
128,-1870.0,0,300,0.6807384224674947,-2021.33
129,-1901.0,0,300,0.6786962072000923,-2015.63
130,-1793.5,0,300,0.676660118578492,-2008.075
131,-1447.0,0,300,0.6746301382227565,-2006.42
132,-1982.5,0,300,0.6726062478080883,-2005.81
133,-1821.5,0,300,0.6705884290646641,-1998.75
134,-1505.0,0,300,0.66857666377747,-1991.17
135,-1752.5,0,300,0.6665709337861376,-1984.6
136,-1429.0,0,300,0.6645712209847792,-1978.51
137,-1679.0,0,300,0.6625775073218249,-1967.865
138,-1477.0,1,268,0.6605897747998594,-1961.29
139,-1875.0,0,300,0.6586080054754598,-1954.515
140,-1716.5,0,300,0.6566321814590335,-1949.3
141,-1560.5,0,300,0.6546622849146564,-1943.945
142,-1755.0,0,300,0.6526982980599124,-1941.03
143,-1176.0,1,290,0.6507402031657327,-1934.225
144,-1618.0,0,300,0.6487879825562355,-1929.14
145,-1120.0,1,248,0.6468416186085668,-1918.17
146,-1906.0,0,300,0.6449010937527411,-1917.05
147,-1802.5,0,300,0.6429663904714829,-1915.785
148,-1455.0,0,300,0.6410374913000684,-1910.5
149,-1658.0,0,300,0.6391143788261682,-1903.87
150,-1600.5,0,300,0.6371970356896897,-1896.185
151,-1140.0,1,231,0.6352854445826206,-1884.88
152,-2120.0,0,300,0.6333795882488727,-1886.335
153,-1787.5,0,300,0.6314794494841262,-1883.32
154,-1737.0,0,300,0.6295850111356738,-1879.915
155,-1971.5,0,300,0.6276962561022668,-1872.125
156,-1658.0,0,300,0.62581316733396,-1865.82
157,-1738.5,0,300,0.623935727831958,-1860.085
158,-1301.5,0,300,0.6220639206484622,-1851.115
159,-1360.0,0,300,0.6201977288865168,-1843.25
160,-1575.5,0,300,0.6183371356998573,-1838.37
161,-1450.5,0,300,0.6164821242927577,-1831.11
162,-2119.0,0,300,0.6146326779198794,-1827.6
163,-1368.0,0,300,0.6127887798861198,-1821.325
164,-1875.0,0,300,0.6109504135464614,-1819.425
165,-1353.0,0,300,0.609117562305822,-1810.73
166,-1532.0,0,300,0.6072902096189046,-1808.85
167,-1453.5,0,300,0.6054683389900478,-1803.57
168,-1636.0,0,300,0.6036519339730777,-1801.175
169,-1465.5,0,300,0.6018409781711584,-1794.345
170,-1592.0,0,300,0.6000354552366449,-1791.405
171,-1004.0,0,300,0.598235348870935,-1783.885
172,-1492.5,0,300,0.5964406428243222,-1782.19
173,-1754.5,0,300,0.5946513208958493,-1781.365
174,-1544.0,0,300,0.5928673669331617,-1775.48
175,-1475.0,0,300,0.5910887648323622,-1770.865
176,-1495.5,0,300,0.5893154985378651,-1768.405
177,-887.0,1,235,0.5875475520422515,-1759.79
178,-1730.0,0,300,0.5857849093861247,-1757.525
179,-1556.5,0,300,0.5840275546579663,-1759.67
180,-1599.5,0,300,0.5822754719939924,-1752.855
181,-1651.0,0,300,0.5805286455780104,-1747.635
182,-1157.5,0,300,0.5787870596412764,-1737.95
183,-1429.5,0,300,0.5770506984623526,-1726.805
184,-658.0,1,208,0.5753195463669655,-1709.435
185,-1224.5,0,300,0.5735935877278646,-1697.37
186,-646.0,1,172,0.571872806964681,-1686.48
187,-1574.0,0,300,0.5701571885437869,-1683.155
188,-1540.0,0,300,0.5684467169781556,-1671.35
189,-1499.5,0,300,0.5667413768272211,-1679.665
190,-1498.5,0,300,0.5650411526967395,-1673.545
191,-1534.0,0,300,0.5633460292386493,-1665.55
192,-1230.0,1,288,0.5616559911509333,-1658.98
193,-1745.0,0,300,0.5599710231774805,-1661.17
194,-1231.5,0,300,0.5582911101079481,-1656.265
195,-1554.5,0,300,0.5566162367776242,-1652.495
196,-1233.0,1,287,0.5549463880672914,-1646.47
197,-1429.0,0,300,0.5532815489030894,-1639.54
198,-1528.0,0,300,0.5516217042563801,-1637.205
199,-1430.5,0,300,0.549966839143611,-1630.85
200,-1290.5,0,300,0.5483169386261801,-1626.07
201,-1475.5,0,300,0.5466719878103016,-1623.575
202,-1287.5,0,300,0.5450319718468707,-1617.445
203,-1495.0,0,300,0.5433968759313301,-1615.735
204,-1334.0,0,300,0.5417666853035361,-1606.11
205,-1261.5,0,300,0.5401413852476254,-1597.455
206,-146.0,1,100,0.5385209610918825,-1581.825
207,-1283.5,0,300,0.5369053982086068,-1574.335
208,-1243.5,0,300,0.535294682013981,-1572.81
209,-1791.5,0,300,0.5336887979679391,-1571.73
210,-672.0,1,201,0.5320877315740353,-1558.33
211,-1275.0,0,300,0.5304914683793133,-1553.18
212,-1294.0,0,300,0.5288999939741753,-1548.085
213,-1368.0,0,300,0.5273132939922528,-1542.21
214,-425.0,1,150,0.525731354110276,-1528.56
215,-1537.5,0,300,0.5241541600479452,-1525.595
216,-1305.5,0,300,0.5225816975678014,-1512.4
217,-1580.0,0,300,0.521013952475098,-1510.685
218,-1389.5,0,300,0.5194509106176727,-1503.685
219,-667.0,1,210,0.5178925578858197,-1494.4
220,-1431.5,0,300,0.5163388802121622,-1491.625
221,-1201.0,0,300,0.5147898635715258,-1487.36
222,-746.0,1,194,0.5132454939808112,-1475.675
223,-1414.0,0,300,0.5117057574988688,-1472.88
224,-1596.5,0,300,0.5101706402263723,-1466.995
225,-1421.5,0,300,0.5086401283056932,-1459.99
226,-1253.0,0,300,0.5071142079207761,-1453.67
227,-1301.5,0,300,0.5055928652970137,-1449.545
228,-1499.0,0,300,0.5040760867011227,-1445.835
229,-1376.5,0,300,0.5025638584410194,-1440.59
230,-575.0,1,172,0.5010561668656963,-1428.405
231,-1565.5,0,300,0.49955299836509925,-1429.59
232,-1109.0,0,300,0.49805433937000393,-1420.855
233,-1267.5,0,300,0.4965601763518939,-1415.315
234,-960.5,0,300,0.49507049582283824,-1409.87
235,-1206.0,0,300,0.49358528433536975,-1404.405
236,-431.0,1,171,0.49210452848236363,-1394.425
237,-1193.5,0,300,0.49062821489691655,-1389.57
238,-1440.5,0,300,0.4891563302522258,-1389.205
239,-1505.5,0,300,0.48768886126146915,-1385.51
240,-1294.0,0,300,0.48622579467768473,-1381.285
241,-902.0,1,252,0.4847671172936517,-1374.7
242,-1496.0,0,300,0.4833128159417707,-1372.11
243,-1449.5,0,300,0.4818628774939454,-1374.845
244,-1337.0,0,300,0.48041728886146357,-1372.035
245,-75.0,1,78,0.4789760369948792,-1361.585
246,-1477.5,0,300,0.47753910888389456,-1357.3
247,-1516.5,0,300,0.4761064915572429,-1354.44
248,-982.5,0,300,0.4746781720825711,-1349.715
249,-1276.0,0,300,0.4732541375663234,-1345.895
250,-524.0,1,180,0.4718343751536244,-1335.13
251,-535.0,1,183,0.47041887202816357,-1329.08
252,-1298.0,0,300,0.4690076154120791,-1320.86
253,-651.0,1,222,0.46760059256584285,-1309.495
254,-1131.0,0,300,0.4661977907881453,-1303.435
255,-1521.0,0,300,0.4647991974157809,-1298.93
256,-1158.0,0,300,0.46340479982353355,-1293.93
257,-1522.5,0,300,0.46201458542406293,-1291.77
258,-1206.0,0,300,0.4606285416677907,-1290.815
259,-94.0,1,75,0.45924665604278736,-1278.155
260,-361.0,1,130,0.457868916074659,-1266.01
261,-456.0,1,136,0.45649530932643506,-1256.065
262,-1235.0,0,300,0.45512582339845575,-1247.225
263,-1087.5,0,300,0.45376044592826037,-1244.42
264,-856.5,0,300,0.4523991645904756,-1234.235
265,-1115.5,0,300,0.45104196709670413,-1231.86
266,-1155.5,0,300,0.449688841195414,-1228.095
267,-1142.5,0,300,0.4483397746718278,-1224.985
268,-41.0,1,80,0.4469947553478123,-1209.035
269,-358.0,1,126,0.44565377108176885,-1197.96
270,-1482.5,0,300,0.44431680976852356,-1196.865
271,-353.0,1,148,0.44298385933921797,-1190.355
272,-479.0,1,165,0.4416549077612003,-1180.22
273,-316.0,1,111,0.4403299430379167,-1165.835
274,-72.0,1,93,0.43900895320880295,-1151.115
275,-1082.5,0,300,0.43769192634917653,-1147.19
276,-1108.0,1,296,0.436378850570129,-1143.315
277,-910.0,1,271,0.4350697140184186,-1143.545
278,-311.0,1,120,0.43376450487636337,-1129.355
279,-151.0,1,103,0.43246321136173427,-1115.3
280,-370.0,1,123,0.43116582172764906,-1103.005
281,-157.0,1,86,0.42987232426246613,-1088.065
282,-233.0,1,103,0.42858270728967873,-1078.82
283,-1169.0,0,300,0.4272969591678097,-1076.215
284,-415.0,1,146,0.4260150682903063,-1073.785
285,-1169.5,0,300,0.4247370230854354,-1073.235
286,-1090.0,0,300,0.4234628120161791,-1077.675
287,-151.0,1,80,0.42219242358013054,-1063.445
288,-859.0,0,300,0.4209258463093902,-1056.635
289,-1292.0,0,300,0.419663068770462,-1054.56
290,-99.0,1,104,0.4184040795641506,-1040.565
291,-219.0,1,93,0.41714886732545814,-1027.415
292,-445.0,1,187,0.41589742072348174,-1019.565
293,-217.0,1,100,0.4146497284613113,-1004.285
294,-51.0,1,92,0.41340577927592737,-992.48
295,-1189.0,0,300,0.41216556193809956,-988.825
296,-260.0,1,106,0.41092906525228523,-979.095
297,-175.0,1,100,0.40969627805652836,-966.555
298,-268.0,1,116,0.40846718922235875,-953.955
299,-1283.5,0,300,0.40724178765469166,-952.485
300,-138.0,1,102,0.4060200622917276,-940.96
301,-821.0,0,300,0.4048020021048524,-934.415
302,-1059.0,0,300,0.40358759609853784,-932.13
303,-231.0,1,107,0.4023768333102422,-919.49
304,-217.0,1,106,0.4011697028103115,-908.32
305,-164.0,1,86,0.3999661937018806,-897.345
306,-81.0,1,99,0.39876629512077494,-896.695
307,-111.0,1,99,0.3975699962354126,-884.97
308,-292.0,1,100,0.3963772862467064,-875.455
309,-236.0,1,103,0.39518815438796623,-859.9
310,-89.0,1,73,0.3940025899248023,-854.07
311,-235.0,1,103,0.3928205821550279,-843.67
312,-183.0,1,121,0.39164212040856283,-832.56
313,-267.0,1,116,0.39046719404733715,-821.55
314,-71.0,1,72,0.38929579246519513,-818.01
315,-203.0,1,120,0.38812790508779954,-804.665
316,-73.0,1,82,0.38696352137253615,-792.34
317,-226.0,1,125,0.38580263080841853,-778.8
318,-1160.0,0,300,0.3846452229159933,-776.505
319,-150.0,1,95,0.3834912872472453,-771.335
320,-24.0,1,77,0.3823408133855036,-757.26
321,-958.5,0,300,0.38119379094534706,-754.835
322,-258.0,1,117,0.380050209572511,-749.955
323,-218.0,1,119,0.3789100589437935,-737.995
324,-43.0,1,84,0.3777733287669621,-722.46
325,-84.0,1,99,0.37664000878066123,-709.085
326,-36.0,1,87,0.37551008875431924,-696.915
327,-167.0,1,92,0.37438355848805627,-685.57
328,-237.0,1,146,0.3732604078125921,-672.95
329,-265.0,1,114,0.37214062658915437,-661.835
330,-289.0,1,113,0.3710242047093869,-658.975
331,-119.0,1,82,0.3699111320952587,-644.51
332,-55.0,1,75,0.36880139869897294,-633.97
333,-137.0,1,83,0.367694994502876,-622.665
334,-229.0,1,130,0.3665919095193674,-615.35
335,-246.0,1,113,0.36549213379080925,-605.75
336,-311.0,1,121,0.3643956573894368,-604.55
337,-153.0,1,93,0.3633024704172685,-594.145
338,-56.0,1,79,0.3622125630060167,-580.3
339,-488.0,1,164,0.3611259253169986,-570.125
340,-347.0,1,148,0.3600425475410476,-560.655
341,-176.0,1,94,0.3589624198984244,-553.395
342,-137.0,1,83,0.35788553263872913,-539.805
343,-217.0,1,120,0.35681187604081294,-527.48
344,-109.0,1,74,0.3557414404126905,-515.2
345,-177.0,1,102,0.35467421609145244,-516.22
346,-371.0,1,209,0.35361019344317807,-505.155
347,-201.0,1,134,0.35254936286284855,-492.0
348,-234.0,1,99,0.35149171477426,-484.515
349,-73.0,1,74,0.3504372396299372,-472.485
350,-412.0,1,112,0.3493859279110474,-471.365
351,-306.0,1,132,0.34833777012731426,-469.075
352,-103.0,1,89,0.34729275681693234,-457.125
353,-161.0,1,127,0.3462508785464815,-452.225
354,-1263.5,0,300,0.34521212591084205,-453.55
355,-528.0,1,177,0.34417648953310953,-443.62
356,-501.0,1,233,0.3431439600645102,-437.05
357,-165.0,1,101,0.34211452818431665,-423.475
358,-110.0,1,122,0.3410881845997637,-412.515
359,-915.0,0,300,0.3400649200459644,-420.725
360,-732.0,1,269,0.3390447252858265,-424.435
361,-415.0,1,207,0.33802759110996905,-424.025
362,-477.0,1,176,0.3370135083366391,-416.445
363,-172.0,1,127,0.3360024678116292,-407.29
364,-485.0,1,240,0.3349944604081943,-403.575
365,-620.0,1,279,0.33398947702696974,-398.62
366,-100.0,1,94,0.3329875085958888,-388.065
367,-244.0,1,123,0.33198854607010114,-379.08
368,-478.0,1,215,0.33099258043189084,-383.45
369,-99.0,1,81,0.32999960269059514,-380.86
370,-473.0,1,184,0.32900960388252337,-370.765
371,-28.0,1,72,0.3280225750708758,-367.515
372,-131.0,1,114,0.32703850734566314,-364.035
373,-459.0,1,162,0.32605739182362614,-365.465
374,-113.0,1,130,0.3250792196481553,-365.875
375,-309.0,1,173,0.3241039819892108,-358.14
376,-27.0,1,68,0.32313167004324317,-347.33
377,-173.0,1,110,0.32216227503311345,-339.96
378,-673.0,1,240,0.3211957882080141,-343.58
379,-394.0,1,179,0.32023220084339005,-346.01
380,-443.0,1,233,0.31927150424085987,-346.74
381,-310.0,1,194,0.3183136897281373,-348.27
382,-1161.5,0,300,0.31735874865895286,-357.555
383,-557.0,1,215,0.316406672412976,-351.435
384,-981.0,0,300,0.3154574523957371,-357.095
385,-204.0,1,129,0.3145110800385499,-347.44
386,-188.0,1,115,0.31356754679843424,-338.42
387,-268.0,1,147,0.31262684415803893,-339.59
388,-157.0,1,86,0.3116889636255648,-332.57
389,-262.0,1,147,0.3107538967346881,-322.27
390,-235.0,1,123,0.30982163504448407,-323.63
391,46.0,1,76,0.3088921701393506,-320.98
392,-128.0,1,108,0.30796549362893255,-317.81
393,-253.0,1,122,0.30704159714804574,-318.17
394,-57.0,1,85,0.3061204723566016,-318.23
395,-129.0,1,77,0.3052021109395318,-307.63
396,-124.0,1,86,0.3042865046067132,-306.27
397,-446.0,1,216,0.30337364509289305,-308.98
398,-123.0,1,125,0.30246352415761435,-307.53
399,-118.0,1,97,0.3015561335851415,-295.875
400,-39.0,1,80,0.30065146518438607,-294.885
401,-205.0,1,125,0.2997495107888329,-288.725
402,-20.0,1,79,0.2988502622564664,-278.335
403,-119.0,1,138,0.29795371146969696,-277.215
404,-261.0,1,151,0.29705985033528787,-277.655
405,-173.0,1,135,0.296168670784282,-277.745
406,-652.0,1,256,0.29528016477192914,-283.455
407,-528.0,1,228,0.29439432427761336,-287.625
408,-221.0,1,188,0.2935111413047805,-286.915
409,-390.0,1,237,0.29263060788086614,-288.455
410,-30.0,1,89,0.2917527160572235,-287.865
411,-329.0,1,173,0.29087745790905184,-288.805
412,-178.0,1,122,0.2900048255353247,-288.755
413,-148.0,1,124,0.28913481105871874,-287.565
414,-131.0,1,100,0.28826740662554257,-288.165
415,-172.0,1,114,0.28740260440566595,-287.855
416,-231.0,1,145,0.28654039659244895,-289.435
417,-191.0,1,136,0.2856807754026716,-289.085
418,-215.0,1,118,0.2848237330764636,-279.635
419,-15.0,1,77,0.2839692618772342,-278.285
420,-192.0,1,151,0.2831173540916025,-279.965
421,95.0,1,62,0.28226800202932767,-269.43
422,-154.0,1,113,0.28142119802323967,-268.39
423,-138.0,1,137,0.28057693442917,-267.59
424,-98.0,1,118,0.27973520362588244,-268.14
425,-117.0,1,123,0.2788959980150048,-268.47
426,8.0,1,72,0.2780593100209598,-268.03
427,-166.0,1,92,0.2772251320908969,-268.02
428,-43.0,1,121,0.2763934566946242,-266.08
429,-203.0,1,123,0.2755642763245403,-265.46
430,-61.0,1,85,0.27473758349556665,-263.18
431,-134.0,1,98,0.27391337074507993,-263.33
432,-128.0,1,112,0.2730916306328447,-264.06
433,-3.0,1,84,0.27227235574094616,-262.72
434,-109.0,1,109,0.2714555386737233,-261.52
435,-110.0,1,119,0.2706411720577021,-260.16
436,-172.0,1,170,0.269829248541529,-258.77
437,-235.0,1,140,0.2690197607959044,-259.59
438,-398.0,1,200,0.26821270151351667,-263.01
439,-265.0,1,132,0.2674080634089761,-260.78
440,-86.0,1,73,0.2666058392187492,-258.17
441,-283.0,1,131,0.26580602170109296,-259.24
442,-106.0,1,74,0.26500860363598966,-258.93
443,-212.0,1,139,0.2642135778250817,-258.88
444,-171.0,1,102,0.26342093709160647,-259.5
445,-219.0,1,124,0.26263067428033166,-259.92
446,-111.0,1,128,0.26184278225749064,-257.32
447,-83.0,1,119,0.26105725391071816,-256.14
448,-328.0,1,139,0.260274082148986,-257.08
449,-24.0,1,85,0.2594932599025391,-256.59
450,-96.0,1,127,0.25871478012283144,-253.43
451,-172.0,1,175,0.25793863578246295,-252.09
452,-53.0,1,77,0.2571648198751156,-251.59
453,-150.0,1,134,0.25639332541549026,-251.48
454,-58.0,1,118,0.2556241454392438,-239.425
455,-77.0,1,82,0.25485727300292604,-234.915
456,-153.0,1,121,0.25409270118391725,-231.435
457,0.0,1,76,0.2533304230803655,-229.785
458,-286.0,1,137,0.25257043181112443,-231.545
459,-169.0,1,92,0.25181272051569104,-224.085
460,-169.0,1,146,0.251057282354144,-218.455
461,46.0,1,70,0.25030411050708157,-213.845
462,-182.0,1,132,0.24955319817556032,-210.895
463,-226.0,1,132,0.24880453858103363,-211.435
464,-273.0,1,142,0.24805812496529053,-209.315
465,-149.0,1,134,0.24731395059039465,-204.605
466,-96.0,1,120,0.24657200873862348,-204.565
467,-104.0,1,160,0.2458322927124076,-203.165
468,-45.0,1,71,0.24509479583427038,-198.835
469,-254.0,1,141,0.24435951144676757,-200.385
470,-90.0,1,77,0.24362643291242728,-196.555
471,-165.0,1,142,0.24289555361369,-197.925
472,-160.0,1,125,0.24216686695284892,-198.215
473,-47.0,1,121,0.24144036635199037,-194.095
474,6.0,1,78,0.24071604525293439,-192.905
475,-15.0,1,77,0.2399938971171756,-189.965
476,-59.0,1,85,0.23927391542582405,-190.285
477,13.0,1,70,0.23855609367954658,-188.425
478,87.0,1,70,0.23784042539850794,-180.825
479,-20.0,1,118,0.2371269041223124,-177.085
480,-40.0,1,80,0.23641552340994548,-173.055
481,32.0,1,69,0.23570627683971565,-169.635
482,-131.0,1,122,0.2349991580091965,-159.33
483,-42.0,1,84,0.2342941605351689,-154.18
484,32.0,1,73,0.23359127805356342,-144.05
485,-32.0,1,97,0.23289050421940272,-142.33
486,83.0,1,59,0.2321918327067445,-139.62
487,9.0,1,74,0.23149525720862427,-136.85
488,-43.0,1,88,0.2308007714369984,-135.71
489,-158.0,1,165,0.2301083691226874,-134.67
490,28.0,1,75,0.22941804401531934,-132.04
491,-32.0,1,76,0.2287297898832734,-132.82
492,31.0,1,71,0.22804360051362357,-131.23
493,54.0,1,68,0.2273594697120827,-128.16
494,-49.0,1,96,0.22667739130294645,-128.08
495,48.0,1,72,0.22599735912903762,-126.31
496,6.0,1,111,0.2253193670516505,-125.01
497,-55.0,1,131,0.22464340895049556,-121.1
498,-37.0,1,78,0.22396947872364406,-120.24
499,-221.0,1,153,0.22329757028747313,-121.27
500,-138.0,1,149,0.2226276775766107,-122.26
501,-57.0,1,118,0.22195979454388087,-120.78
502,-148.0,1,155,0.22129391516024924,-122.06
503,-88.0,1,138,0.2206300334147685,-121.75
504,-303.0,1,175,0.2199681433145242,-122.17
505,-98.0,1,153,0.21930823888458062,-121.42
506,-15.0,1,118,0.21865031416792688,-115.05
507,-184.0,1,163,0.2179943632254231,-111.61
508,-62.0,1,103,0.21734038013574683,-110.02
509,-157.0,1,160,0.21668835899533959,-107.69
510,-77.0,1,163,0.21603829391835358,-108.16
511,-152.0,1,150,0.21539017903659852,-106.39
512,-195.0,1,175,0.21474400849948871,-106.56
513,-230.0,1,173,0.21409977647399026,-107.38
514,-55.0,1,77,0.21345747714456828,-106.62
515,-191.0,1,175,0.21281710471313459,-106.81
516,33.0,1,67,0.2121786533989952,-104.17
517,-51.0,1,114,0.2115421174387982,-102.77
518,-229.0,1,134,0.2109074910864818,-102.91
519,-144.0,1,115,0.21027476861322236,-104.2
520,-96.0,1,122,0.2096439443073827,-103.24
521,-259.0,1,143,0.20901501247446055,-106.78
522,119.0,1,59,0.20838796743703716,-104.05
523,-53.0,1,116,0.20776280353472606,-103.2
524,-46.0,1,210,0.20713951512412188,-102.68
525,-331.0,1,195,0.2065180965787495,-104.82
526,-151.0,1,168,0.20589854228901325,-106.41
527,-210.0,1,188,0.20528084666214622,-106.85
528,-289.0,1,195,0.20466500412215977,-109.31
529,-349.0,1,205,0.2040510091097933,-110.77
530,-157.0,1,181,0.2034388560824639,-111.73
531,-195.0,1,168,0.2028285395142165,-112.34
532,-248.0,1,189,0.20222005389567385,-113.54
533,-350.0,1,196,0.20161339373398682,-117.01
534,-196.0,1,162,0.20100855355278485,-117.88
535,-74.0,1,144,0.20040552789212648,-117.52
536,-327.0,1,217,0.1998043113084501,-119.07
537,-167.0,1,145,0.19920489837452476,-118.39
538,-172.0,1,168,0.1986072836794012,-116.13
539,-153.0,1,179,0.198011461828363,-115.01
540,-125.0,1,154,0.1974174274428779,-115.4
541,-147.0,1,148,0.19682517516054926,-114.04
542,-318.0,1,168,0.19623469963506762,-116.16
543,-131.0,1,149,0.1956459955361624,-115.35
544,-78.0,1,162,0.1950590575495539,-114.42
545,-174.0,1,157,0.19447388037690524,-113.97
546,-163.0,1,110,0.19389045873577454,-114.49
547,-84.0,1,160,0.19330878735956722,-114.5
548,-199.0,1,173,0.1927288609974885,-113.21
549,-279.0,1,176,0.19215067441449604,-115.76
550,-409.0,1,212,0.19157422239125255,-118.89
551,-241.0,1,172,0.1909994997240788,-119.58
552,-212.0,1,170,0.19042650122490654,-121.17
553,-247.0,1,170,0.18985522172123181,-122.14
554,-287.0,1,183,0.18928565605606812,-124.43
555,-95.0,1,124,0.1887177990878999,-124.61
556,-46.0,1,104,0.1881516456906362,-123.54
557,-165.0,1,185,0.18758719075356428,-125.19
558,-14.0,1,112,0.18702442918130358,-122.47
559,-762.5,0,300,0.18646335589375967,-128.405
560,-74.0,1,152,0.1859039658260784,-127.455
561,-108.0,1,142,0.18534625392860016,-128.995
562,-127.0,1,147,0.18479021516681435,-128.445
563,-151.0,1,181,0.1842358445213139,-127.695
564,-209.0,1,157,0.18368313698774996,-127.055
565,-93.0,1,157,0.1831320875767867,-126.495
566,-207.0,1,186,0.18258269131405633,-127.605
567,-89.0,1,166,0.18203494324011416,-127.455
568,-199.0,1,154,0.18148883841039382,-128.995
569,-203.0,1,149,0.18094437189516263,-128.485
570,-43.0,1,98,0.18040153877947715,-128.015
571,-66.0,1,99,0.1798603341631387,-127.025
572,-89.0,1,143,0.1793207531606493,-126.315
573,-193.0,1,156,0.17878279090116736,-127.775
574,-146.0,1,157,0.17824644252846386,-129.295
575,-185.0,1,161,0.17771170320087848,-130.995
576,-118.0,1,158,0.17717856809127586,-131.585
577,-197.0,1,160,0.17664703238700202,-133.685
578,-224.0,1,178,0.17611709128984102,-136.795
579,-127.0,1,168,0.1755887400159715,-137.865
580,-127.0,1,149,0.1750619737959236,-138.735
581,83.0,1,84,0.1745367878745358,-138.225
582,-27.0,1,147,0.1740131775109122,-137.185
583,-279.0,1,162,0.17349113797837945,-139.555
584,-215.0,1,161,0.17297066456444432,-142.025
585,-32.0,1,113,0.172451752570751,-142.025
586,-124.0,1,154,0.17193439731303872,-144.095
587,-131.0,1,151,0.1714185941210996,-145.495
588,-187.0,1,154,0.1709043383387363,-146.935
589,-68.0,1,156,0.1703916253237201,-146.035
590,-124.0,1,147,0.16988045044774894,-147.555
591,39.0,1,65,0.1693708090964057,-146.845
592,-60.0,1,170,0.1688626966691165,-147.755
593,-66.0,1,138,0.16835610857910915,-148.955
594,-157.0,1,150,0.16785104025337183,-150.035
595,-60.0,1,136,0.16734748713261172,-151.115
596,-133.0,1,114,0.16684544467121387,-152.505
597,-176.0,1,165,0.16634490833720023,-153.715
598,-63.0,1,136,0.16584587361218864,-153.975
599,-74.0,1,165,0.16534833599135207,-152.505
600,48.0,1,86,0.164852290983378,-150.645
601,-132.0,1,118,0.16435773411042787,-151.395
602,16.0,1,97,0.1638646609080966,-149.755
603,-111.0,1,165,0.1633730669253723,-149.985
604,-80.0,1,141,0.16288294772459616,-147.755
605,-90.0,1,147,0.16239429888142237,-147.675
606,-124.0,1,141,0.1619071159847781,-148.765
607,-204.0,1,215,0.16142139463682378,-148.965
608,-62.0,1,99,0.1609371304529133,-148.965
609,20.0,1,132,0.16045431906155455,-147.195
610,-94.0,1,153,0.15997295610436987,-147.365
611,-34.0,1,156,0.15949303723605676,-146.185
612,-61.0,1,142,0.1590145581243486,-144.845
613,-165.0,1,153,0.15853751444997555,-144.195
614,-102.0,1,153,0.1580619019066256,-144.665
615,25.0,1,128,0.15758771620090573,-142.505
616,-49.0,1,147,0.157114953052303,-143.325
617,-120.0,1,150,0.1566436081931461,-144.015
618,-151.0,1,148,0.15617367736856666,-143.235
619,-178.0,1,151,0.15570515633646095,-143.575
620,-59.0,1,134,0.15523804086745158,-143.205
621,-137.0,1,157,0.15477232674484923,-141.985
622,-141.0,1,153,0.15430800976461467,-144.585
623,-148.0,1,150,0.15384508573532082,-145.535
624,-67.0,1,117,0.15338355047811486,-145.745
625,-178.0,1,161,0.15292339982668052,-144.215
626,-85.0,1,139,0.15246462962720048,-143.555
627,-67.0,1,140,0.15200723573831887,-142.125
628,-46.0,1,137,0.15155121403110391,-139.695
629,-38.0,1,158,0.1510965603890106,-136.585
630,-72.0,1,154,0.15064327070784356,-135.735
631,-26.0,1,169,0.15019134089572003,-134.045
632,-110.0,1,148,0.14974076687303287,-132.665
633,-61.0,1,136,0.14929154457241375,-129.775
634,-161.0,1,141,0.14884366993869652,-129.425
635,-154.0,1,148,0.14839713892888043,-130.225
636,23.0,1,71,0.14795194751209378,-126.725
637,-61.0,1,109,0.1475080916695575,-125.665
638,-117.0,1,150,0.14706556739454882,-125.115
639,-88.0,1,133,0.14662437069236517,-124.465
640,12.0,1,107,0.14618449758028806,-123.095
641,17.0,1,105,0.1457459440875472,-121.455
642,10.0,1,113,0.14530870625528455,-118.175
643,14.0,1,107,0.1448727801365187,-116.725
644,29.0,1,108,0.14443816179610913,-115.655
645,-14.0,1,112,0.1440048473107208,-114.055
646,85.0,1,55,0.14357283276878863,-111.575
647,-23.0,1,118,0.14314211427048226,-110.965
648,52.0,1,64,0.1427126879276708,-108.455
649,18.0,1,62,0.1422845498638878,-105.485
650,20.0,1,60,0.14185769621429614,-101.195
651,93.0,1,62,0.14143212312565326,-97.855
652,68.0,1,67,0.1410078267562763,-95.055
653,39.0,1,61,0.14058480327600748,-92.195
654,7.0,1,74,0.14016304886617945,-89.255
655,47.0,1,68,0.1397425597195809,-87.835
656,106.0,1,52,0.13932333204042216,-86.315
657,120.0,1,55,0.1389053620443009,-83.465
658,61.0,1,58,0.138488645958168,-82.715
659,92.0,1,62,0.1380731800202935,-74.17
660,65.0,1,56,0.13765896048023263,-72.78
661,83.0,1,55,0.13724598359879192,-70.87
662,43.0,1,57,0.13683424564799554,-69.17
663,84.0,1,84,0.13642374291105155,-66.82
664,54.0,1,64,0.1360144716823184,-64.19
665,83.0,1,55,0.13560642826727143,-62.43
666,32.0,1,65,0.1351996089824696,-60.04
667,111.0,1,63,0.1347940101555222,-58.04
668,21.0,1,60,0.13438962812505564,-55.84
669,-22.0,1,64,0.13398645924068048,-54.03
670,26.0,1,56,0.13358449986295842,-53.34
671,81.0,1,59,0.13318374636336955,-51.87
672,-69.0,1,117,0.13278419512427944,-51.67
673,32.0,1,65,0.1323858425389066,-49.42
674,60.0,1,62,0.13198868501128988,-47.36
675,38.0,1,65,0.13159271895625602,-45.13
676,1.0,1,96,0.13119794079938724,-43.94
677,39.0,1,90,0.13080434697698906,-41.58
678,40.0,1,63,0.1304119339360581,-38.94
679,75.0,1,65,0.13002069813424993,-36.92
680,51.0,1,68,0.12963063603984717,-35.14
681,120.0,1,59,0.12924174413172762,-34.77
682,116.0,1,63,0.12885401889933243,-33.34
683,73.0,1,67,0.12846745684263444,-29.82
684,77.0,1,63,0.12808205447210655,-26.9
685,60.0,1,62,0.12769780830869024,-25.98
686,17.0,1,66,0.12731471488376417,-24.57
687,14.0,1,68,0.12693277073911288,-23.12
688,95.0,1,66,0.12655197242689553,-20.3
689,72.0,1,67,0.12617231650961486,-18.9
690,76.0,1,73,0.12579379956008602,-16.9
691,54.0,1,68,0.12541641816140575,-16.75
692,95.0,1,64,0.12504016890692154,-15.2
693,57.0,1,64,0.12466504840020078,-13.97
694,14.0,1,68,0.12429105325500017,-12.26
695,43.0,1,61,0.12391818009523517,-11.23
696,11.0,1,72,0.12354642555494946,-9.79
697,100.0,1,60,0.12317578627828461,-7.03
698,123.0,1,57,0.12280625891944975,-5.17
699,103.0,1,58,0.1224378401426914,-3.4
700,89.0,1,68,0.12207052662226334,-2.99
701,37.0,1,65,0.12170431504239655,-1.3
702,80.0,1,61,0.12133920209726937,-0.66
703,54.0,1,66,0.12097518449097756,0.99
704,52.0,1,116,0.12061225893750463,2.31
705,80.0,1,63,0.12025042216069212,4.01
706,36.0,1,71,0.11988967089421004,5.61
707,-6.0,1,88,0.11953000188152742,7.59
708,25.0,1,108,0.11917141187588283,8.46
709,-23.0,1,136,0.11881389764025518,8.03
710,55.0,1,97,0.11845745594733442,9.52
711,42.0,1,94,0.11810208357949242,10.28
712,94.0,1,66,0.11774777732875394,11.83
713,55.0,1,66,0.11739453399676768,14.03
714,80.0,1,61,0.11704235039477738,15.85
715,59.0,1,64,0.11669122334359305,16.19
716,60.0,1,62,0.11634114967356228,17.28
717,37.0,1,65,0.1159921262245416,18.85
718,116.0,1,63,0.11564414984586797,21.52
719,94.0,1,64,0.11529721739633036,24.24
720,122.0,1,59,0.11495132574414137,26.05
721,5.0,1,94,0.11460647176690894,27.47
722,23.0,1,93,0.11426265235160821,29.11
723,4.0,1,84,0.11391986439455339,30.63
724,63.0,1,60,0.11357810480136972,31.93
725,78.0,1,63,0.11323737048696561,34.49
726,-14.0,1,81,0.11289765837550471,35.2
727,43.0,1,92,0.1125589654003782,36.3
728,37.0,1,104,0.11222128850417706,37.13
729,-2.0,1,98,0.11188462463866453,37.49
730,53.0,1,99,0.11154897076474853,38.74
731,-52.0,1,106,0.11121432385245428,38.48
732,73.0,1,96,0.11088068088089692,40.31
733,54.0,1,103,0.11054803883825423,41.46
734,40.0,1,92,0.11021639472173947,43.47
735,-34.0,1,92,0.10988574553757426,44.67
736,-3.0,1,96,0.10955608830096153,44.41
737,100.0,1,89,0.10922742003605865,46.02
738,-37.0,1,94,0.10889973777595047,46.82
739,0.0,1,96,0.10857303856262261,47.7
740,83.0,1,90,0.10824731944693475,48.41
741,-11.0,1,114,0.10792257748859395,48.13
742,25.0,1,89,0.10759880975612816,48.28
743,17.0,1,95,0.10727601332685978,48.31
744,-18.0,1,95,0.1069541852868792,47.84
745,3.0,1,111,0.10663332273101855,48.01
746,85.0,1,88,0.1063134227628255,48.01
747,-52.0,1,91,0.10599448249453702,47.72
748,81.0,1,94,0.10567649904705341,48.01
749,47.0,1,88,0.10535946954991225,48.3
750,48.0,1,86,0.10504339114126252,48.58
751,8.0,1,88,0.10472826096783873,47.73
752,45.0,1,88,0.10441407618493521,47.5
753,-30.0,1,111,0.10410083395638041,46.81
754,60.0,1,93,0.10378853145451127,47.34
755,-64.0,1,101,0.10347716586014773,46.23
756,22.0,1,93,0.10316673436256728,45.39
757,68.0,1,85,0.10285723415947957,44.87
758,59.0,1,91,0.10254866245700113,44.85
759,0.0,1,94,0.10224101646963013,43.93
760,82.0,1,88,0.10193429342022124,44.1
761,-7.0,1,106,0.10162849053996058,43.2
762,74.0,1,104,0.10132360506834069,43.51
763,74.0,1,96,0.10101963425313566,43.41
764,55.0,1,97,0.10071657535037626,43.42
765,65.0,1,87,0.10041442562432513,43.24
766,31.0,1,85,0.10011318234745216,43.23
767,-21.0,1,101,0.0998128428004098,41.91
768,66.0,1,87,0.09951340427200858,42.36
769,45.0,1,88,0.09921486405919255,43.03
770,40.0,1,94,0.09891721946701497,43.17
771,44.0,1,92,0.09862046780861393,42.8
772,36.0,1,94,0.09832460640518809,43.85
773,26.0,1,91,0.09802963258597253,43.79
774,68.0,1,85,0.0977355436882146,43.87
775,-47.0,1,102,0.09744233705714996,43.02
776,2.0,1,96,0.09715001004597851,43.03
777,71.0,1,106,0.09685856001584058,43.35
778,118.0,1,61,0.09656798433579306,44.13
779,86.0,1,90,0.09627828038278567,44.24
780,4.0,1,94,0.09598944554163731,43.77
781,23.0,1,93,0.0957014772050124,42.8
782,83.0,1,90,0.09541437277339737,42.47
783,24.0,1,93,0.09512812965507718,41.98
784,44.0,1,92,0.09484274526611194,41.65
785,-22.0,1,99,0.09455821703031361,40.83
786,77.0,1,63,0.09427454237922267,41.43
787,78.0,1,63,0.09399171875208501,42.07
788,38.0,1,65,0.09370974359582875,41.5
789,123.0,1,57,0.09342861436504125,42.01
790,103.0,1,58,0.09314832852194613,42.28
791,94.0,1,64,0.09286888353638029,42.68
792,123.0,1,57,0.09259027688577115,42.96
793,35.0,1,67,0.09231250605511383,42.74
794,8.0,1,82,0.0920355685369485,42.68
795,91.0,1,66,0.09175946183133765,43.16
796,123.0,1,57,0.09148418344584364,44.28
797,40.0,1,63,0.0912097308955061,43.68
798,92.0,1,66,0.09093610170281959,43.37
799,35.0,1,67,0.09066329339771112,42.69
800,96.0,1,64,0.09039130351751799,42.76
801,118.0,1,57,0.09012012960696544,43.57
802,100.0,1,60,0.08984976921814454,43.77
803,13.0,1,70,0.0895802199104901,43.36
804,118.0,1,61,0.08931147925075864,44.02
805,115.0,1,65,0.08904354481300636,44.37
806,115.0,1,63,0.08877641417856734,45.16
807,74.0,1,61,0.08851008493603164,45.96
808,7.0,1,74,0.08824455468122355,45.78
809,100.0,1,60,0.08797982101717988,47.01
810,120.0,1,59,0.08771588155412834,47.66
811,74.0,1,65,0.08745273390946595,47.98
812,-6.0,1,71,0.08719037570773755,46.98
813,-20.0,1,66,0.08692880458061433,46.23
814,75.0,1,65,0.08666801816687249,46.18
815,95.0,1,64,0.08640801411237187,46.54
816,23.0,1,62,0.08614879007003474,46.17
817,60.0,1,62,0.08589034369982464,46.4
818,-1.0,1,67,0.08563267266872517,45.23
819,60.0,1,62,0.085375774650719,44.89
820,122.0,1,59,0.08511964732676684,44.89
821,103.0,1,58,0.08486428838478655,45.87
822,96.0,1,64,0.08460969551963218,46.6
823,98.0,1,62,0.08435586643307329,47.54
824,102.0,1,60,0.08410279883377407,47.93
825,50.0,1,70,0.08385049043727275,47.65
826,84.0,1,94,0.08359893896596093,48.63
827,74.0,1,65,0.08334814214906305,48.94
828,81.0,1,61,0.08309809772261587,49.38
829,88.0,1,72,0.08284880342944802,50.28
830,95.0,1,64,0.08260025701915967,50.7
831,97.0,1,62,0.0823524562481022,52.19
832,97.0,1,62,0.08210539887935789,52.43
833,101.0,1,60,0.08185908268271981,52.9
834,123.0,1,57,0.08161350543467165,53.73
835,94.0,1,66,0.08136866491836764,55.01
836,-5.0,1,108,0.08112455892361253,54.99
837,121.0,1,59,0.0808811852468417,55.2
838,103.0,1,58,0.08063854169110117,56.6
839,120.0,1,59,0.08039662606602786,57.8
840,81.0,1,61,0.08015543618782978,57.78
841,40.0,1,63,0.07991496987926629,58.29
842,103.0,1,58,0.07967522496962849,59.07
843,101.0,1,60,0.07943619929471961,59.91
844,83.0,1,55,0.07919789069683544,60.92
845,45.0,1,96,0.07896029702474494,61.34
846,95.0,1,64,0.0787234161336707,61.44
847,117.0,1,61,0.07848724588526969,63.13
848,98.0,1,64,0.07825178414761388,63.3
849,100.0,1,60,0.07801702879517104,63.83
850,55.0,1,66,0.07778297770878553,63.9
851,97.0,1,62,0.07754962877565917,64.79
852,77.0,1,63,0.0773169798893322,65.11
853,103.0,1,58,0.07708502894966421,66.44
854,100.0,1,60,0.07685377386281522,66.84
855,103.0,1,58,0.07662321254122678,68.51
856,100.0,1,60,0.0763933429036031,69.29
857,120.0,1,59,0.07616416287489229,69.81
858,55.0,1,66,0.07593567038626761,69.77
859,77.0,1,63,0.0757078633751088,70.54
860,82.0,1,61,0.07548073978498347,70.54
861,83.0,1,59,0.07525429756562853,71.44
862,77.0,1,84,0.07502853467293165,71.47
863,123.0,1,57,0.07480344906891286,71.96
864,120.0,1,59,0.07457903872170611,72.61
865,79.0,1,63,0.07435530160554099,72.75
866,43.0,1,61,0.07413223570072437,72.87
867,78.0,1,63,0.0739098389936222,73.86
868,99.0,1,64,0.07368810947664134,74.19
869,101.0,1,60,0.07346704514821141,74.75
870,120.0,1,59,0.07324664401276677,75.55
871,103.0,1,58,0.07302690408072847,76.14
872,57.0,1,64,0.07280782336848628,76.35
873,94.0,1,64,0.07258939989838081,77.03
874,83.0,1,59,0.07237163169868567,77.18
875,52.0,1,68,0.07215451680358961,78.17
876,81.0,1,57,0.07193805325317884,78.96
877,60.0,1,62,0.07172223909341931,78.85
878,83.0,1,59,0.07150707237613906,78.5
879,100.0,1,60,0.07129255115901063,78.64
880,115.0,1,63,0.0710786735055336,79.75
881,52.0,1,74,0.07086543748501699,80.04
882,104.0,1,54,0.07065284117256193,80.25
883,31.0,1,69,0.07044088264904425,80.32
884,103.0,1,58,0.07022956000109712,80.91
885,79.0,1,63,0.07001887132109383,81.92
886,80.0,1,61,0.06980881470713055,81.95
887,103.0,1,58,0.06959938826300915,82.2
888,94.0,1,74,0.06939059009822013,82.76
889,69.0,1,69,0.06918241832792547,82.22
890,60.0,1,62,0.0689748710729417,81.79
891,123.0,1,57,0.06876794645972288,82.08
892,119.0,1,61,0.06856164262034371,82.04
893,83.0,1,59,0.06835595769248268,82.52
894,100.0,1,60,0.06815088981940523,83.44
895,121.0,1,59,0.06794643714994701,83.74
896,35.0,1,67,0.06774259783849718,82.86
897,58.0,1,66,0.06753937004498169,83.04
898,64.0,1,91,0.06733675193484674,82.76
899,100.0,1,60,0.0671347416790422,83.41
900,100.0,1,60,0.06693333745400507,83.45
901,83.0,1,59,0.06673253744164305,83.1
902,103.0,1,58,0.06653233982931812,83.13
903,100.0,1,60,0.06633274280983018,84.0
904,40.0,1,63,0.06613374458140069,83.22
905,76.0,1,69,0.06593534334765648,82.83
906,121.0,1,59,0.06573753731761352,82.89
907,21.0,1,64,0.06554032470566068,82.36
908,21.0,1,64,0.0653437037315437,82.5
909,123.0,1,57,0.06514767262034907,82.73
910,98.0,1,62,0.06495222960248802,82.51
911,94.0,1,68,0.06475737291368056,82.71
912,35.0,1,67,0.06456310079493952,83.12
913,97.0,1,62,0.06436941149255469,84.29
914,103.0,1,58,0.06417630325807702,84.57
915,75.0,1,65,0.0639837743483028,84.37
916,60.0,1,62,0.06379182302525789,84.74
917,77.0,1,63,0.06360044755618212,84.91
918,15.0,1,68,0.06340964621351357,85.07
919,109.0,1,85,0.06321941727487303,85.56
920,6.0,1,92,0.0630297590230484,84.4
921,46.0,1,90,0.06284066974597925,83.83
922,-6.0,1,108,0.06265214773674131,82.81
923,37.0,1,104,0.06246419129353109,82.2
924,58.0,1,103,0.0622767987196505,81.76
925,56.0,1,105,0.06208996832349155,81.82
926,83.0,1,98,0.06190369841852107,81.81
927,57.0,1,103,0.06171798732326551,81.64
928,43.0,1,100,0.06153283336129571,81.26
929,26.0,1,95,0.061348234861211826,80.64
930,94.0,1,103,0.06116419015662819,80.63
931,34.0,1,106,0.0609806975861583,80.0
932,77.0,1,102,0.06079775549339983,79.8
933,83.0,1,98,0.06061536222691963,79.62
934,34.0,1,106,0.06043351614023887,78.73
935,80.0,1,100,0.060252215591818155,78.59
936,17.0,1,105,0.0600714589450427,78.81
937,94.0,1,105,0.05989124456820757,78.54
938,48.0,1,109,0.059711570834502944,77.99
939,75.0,1,67,0.05953243612199943,77.54
940,77.0,1,102,0.05935383881363344,77.5
941,40.0,1,102,0.05917577729719254,77.5
942,78.0,1,65,0.05899824996530096,77.25
943,60.0,1,101,0.05882125521540506,76.84
944,-2.0,1,108,0.05864479144975884,75.99
945,57.0,1,103,0.05846885707540957,76.11
946,77.0,1,102,0.05829345050418334,75.93
947,20.0,1,103,0.05811857015267079,74.96
948,77.0,1,102,0.057944214442212774,74.75
949,67.0,1,91,0.05777038179888613,74.42
950,91.0,1,105,0.05759707065348948,74.78
951,100.0,1,99,0.05742427944152901,74.81
952,103.0,1,97,0.057252006603204425,75.07
953,80.0,1,100,0.05708025058339481,74.84
954,103.0,1,97,0.056909009831644625,74.87
955,123.0,1,57,0.05673828280214969,75.07
956,38.0,1,104,0.05656806795374324,74.45
957,-3.0,1,106,0.056398363749882004,73.22
958,40.0,1,98,0.05622916865863236,73.07
959,79.0,1,98,0.056060481152656466,73.09
960,77.0,1,102,0.0558922997091985,73.04
961,64.0,1,120,0.0557246228100709,72.85
962,63.0,1,99,0.055557448941640684,72.71
963,82.0,1,92,0.05539077659481576,72.3
964,-8.0,1,110,0.05522460426503131,71.02
965,40.0,1,102,0.05505893045223622,70.63
966,98.0,1,101,0.054893753660879514,71.18
967,77.0,1,102,0.054729072399896876,71.17
968,100.0,1,99,0.054564885182697184,71.18
969,120.0,1,59,0.05440119052714909,71.37
970,83.0,1,98,0.05423798695556764,71.0
971,18.0,1,105,0.05407527299470094,70.15
972,72.0,1,106,0.053913047175716836,70.3
973,64.0,1,95,0.05375130803418968,70.0
974,64.0,1,120,0.05359005411008711,69.81
975,120.0,1,61,0.053429283947756846,70.49
976,87.0,1,109,0.053268996095913575,70.55
977,77.0,1,65,0.05310918910762583,70.72
978,83.0,1,59,0.052949861540302956,70.72
979,100.0,1,60,0.052791011955682046,70.72
980,80.0,1,61,0.052632638919815,70.37
981,57.0,1,64,0.052474741003055554,70.42
982,120.0,1,59,0.052317316780046384,70.58
983,78.0,1,63,0.05216036482970624,71.05
984,63.0,1,60,0.052003883735217124,70.65
985,114.0,1,63,0.051847872084011475,71.0
986,123.0,1,57,0.05169232846775944,71.43
987,103.0,1,58,0.05153725148235616,71.43
988,80.0,1,61,0.051382639727909095,71.29
989,103.0,1,54,0.051228491808725365,71.63
990,79.0,1,59,0.05107480633329919,71.82
991,86.0,1,53,0.05092158191429929,71.45
992,126.0,1,51,0.05076881716855639,71.52
993,97.0,1,58,0.05061651071705072,71.66
994,126.0,1,51,0.05046466118489957,71.92
995,126.0,1,51,0.05031326720134487,71.97
996,120.0,1,55,0.05016232739974084,72.82
997,102.0,1,56,0.050011840417541614,73.26
998,121.0,1,55,0.05,73.83
999,122.0,1,59,0.05,74.05
1000,106.0,1,52,0.05,74.11
1001,106.0,1,52,0.05,74.34
1002,123.0,1,53,0.05,74.54
1003,103.0,1,54,0.05,74.57
1004,80.0,1,57,0.05,74.97
1005,106.0,1,52,0.05,75.27
1006,120.0,1,55,0.05,75.26
1007,100.0,1,56,0.05,76.05
1008,84.0,1,55,0.05,76.68
1009,115.0,1,59,0.05,76.6
1010,103.0,1,54,0.05,76.65
1011,103.0,1,54,0.05,76.74
1012,126.0,1,51,0.05,77.65
1013,120.0,1,55,0.05,77.88
1014,126.0,1,51,0.05,78.11
1015,126.0,1,51,0.05,78.62
1016,103.0,1,54,0.05,79.05
1017,81.0,1,57,0.05,79.09
1018,98.0,1,58,0.05,79.92
1019,126.0,1,51,0.05,80.09
1020,120.0,1,55,0.05,81.23
1021,124.0,1,53,0.05,82.01
1022,98.0,1,60,0.05,83.05
1023,63.0,1,56,0.05,83.31
1024,101.0,1,56,0.05,83.74
1025,106.0,1,52,0.05,84.24
1026,126.0,1,51,0.05,84.67
1027,123.0,1,53,0.05,85.33
1028,86.0,1,53,0.05,85.76
1029,124.0,1,53,0.05,86.74
1030,83.0,1,55,0.05,86.63
1031,121.0,1,55,0.05,87.5
1032,95.0,1,64,0.05,87.68
1033,92.0,1,76,0.05,87.77
1034,120.0,1,59,0.05,88.63
1035,100.0,1,60,0.05,88.83
1036,47.0,1,92,0.05,89.13
1037,63.0,1,60,0.05,88.82
1038,103.0,1,58,0.05,89.37
1039,119.0,1,65,0.05,89.81
1040,81.0,1,94,0.05,89.85
1041,80.0,1,61,0.05,90.25
1042,103.0,1,58,0.05,90.5
1043,123.0,1,57,0.05,91.13
1044,123.0,1,57,0.05,92.38
1045,31.0,1,69,0.05,92.12
1046,100.0,1,60,0.05,92.35
1047,123.0,1,57,0.05,93.38
1048,114.0,1,63,0.05,93.75
1049,123.0,1,57,0.05,94.31
1050,100.0,1,60,0.05,94.4
1051,53.0,1,68,0.05,93.93
1052,79.0,1,63,0.05,93.69
1053,98.0,1,62,0.05,93.87
1054,94.0,1,64,0.05,93.78
1055,112.0,1,65,0.05,93.67
1056,119.0,1,65,0.05,94.48
1057,103.0,1,58,0.05,95.54
1058,103.0,1,58,0.05,96.17
1059,83.0,1,59,0.05,96.21
1060,51.0,1,68,0.05,95.95
1061,114.0,1,63,0.05,96.45
1062,75.0,1,65,0.05,96.57
1063,123.0,1,57,0.05,96.98
1064,101.0,1,60,0.05,98.07
1065,103.0,1,58,0.05,98.7
1066,58.0,1,64,0.05,98.3
1067,100.0,1,60,0.05,98.53
1068,97.0,1,62,0.05,98.5
1069,120.0,1,59,0.05,98.5
1070,97.0,1,64,0.05,98.64
1071,103.0,1,58,0.05,99.49
1072,123.0,1,57,0.05,100.0
1073,117.0,1,61,0.05,100.53
1074,100.0,1,60,0.05,100.89
1075,103.0,1,58,0.05,100.72
1076,123.0,1,57,0.05,101.08
1077,120.0,1,59,0.05,101.51
1078,123.0,1,57,0.05,101.91
1079,98.0,1,62,0.05,101.89
1080,99.0,1,66,0.05,102.08
1081,63.0,1,60,0.05,102.14
1082,83.0,1,59,0.05,101.77
1083,123.0,1,57,0.05,102.22
1084,103.0,1,58,0.05,102.62
1085,111.0,1,65,0.05,102.59
1086,123.0,1,57,0.05,102.59
1087,121.0,1,59,0.05,102.77
1088,103.0,1,58,0.05,103.0
1089,100.0,1,60,0.05,102.97
1090,63.0,1,60,0.05,102.81
1091,83.0,1,59,0.05,102.78
1092,93.0,1,68,0.05,102.45
1093,103.0,1,58,0.05,102.51
1094,123.0,1,57,0.05,102.48
1095,98.0,1,62,0.05,102.2
1096,120.0,1,59,0.05,102.2
1097,63.0,1,56,0.05,101.81
1098,106.0,1,52,0.05,101.66
1099,126.0,1,51,0.05,101.7
1100,101.0,1,58,0.05,101.65
1101,126.0,1,51,0.05,101.85
1102,126.0,1,51,0.05,101.88
1103,106.0,1,52,0.05,101.91
1104,63.0,1,56,0.05,101.74
1105,126.0,1,51,0.05,101.94
1106,103.0,1,54,0.05,101.77
1107,63.0,1,56,0.05,101.4
1108,55.0,1,66,0.05,101.11
1109,100.0,1,60,0.05,100.96
1110,72.0,1,67,0.05,100.65
1111,120.0,1,59,0.05,100.82
1112,101.0,1,60,0.05,100.57
1113,123.0,1,57,0.05,100.6
1114,120.0,1,59,0.05,100.54
1115,78.0,1,63,0.05,100.06
1116,63.0,1,60,0.05,99.66
1117,118.0,1,61,0.05,100.03
1118,82.0,1,61,0.05,99.87
1119,96.0,1,64,0.05,99.57
1120,63.0,1,60,0.05,99.0
1121,61.0,1,62,0.05,98.37
1122,103.0,1,58,0.05,98.42
1123,103.0,1,58,0.05,98.82
1124,79.0,1,63,0.05,98.6
1125,63.0,1,60,0.05,98.17
1126,83.0,1,59,0.05,97.74
1127,123.0,1,57,0.05,97.74
1128,123.0,1,57,0.05,98.11
1129,100.0,1,60,0.05,97.87
1130,73.0,1,71,0.05,97.77
1131,118.0,1,61,0.05,97.74
1132,66.0,1,54,0.05,97.45
1133,120.0,1,59,0.05,97.73
1134,114.0,1,63,0.05,97.67
1135,123.0,1,57,0.05,97.9
1136,80.0,1,61,0.05,98.23
1137,123.0,1,57,0.05,98.83
1138,118.0,1,61,0.05,98.98
1139,75.0,1,65,0.05,98.54
1140,103.0,1,58,0.05,98.76
1141,114.0,1,63,0.05,99.1
1142,63.0,1,60,0.05,98.7
1143,123.0,1,57,0.05,98.7
1144,103.0,1,58,0.05,98.5
1145,123.0,1,57,0.05,99.42
1146,123.0,1,57,0.05,99.65
1147,70.0,1,69,0.05,99.12
1148,120.0,1,59,0.05,99.18
1149,114.0,1,63,0.05,99.09
1150,114.0,1,63,0.05,99.23
1151,80.0,1,61,0.05,99.5
1152,100.0,1,60,0.05,99.71
1153,117.0,1,61,0.05,99.9
1154,103.0,1,58,0.05,99.99
1155,120.0,1,59,0.05,100.07
1156,114.0,1,63,0.05,100.02
1157,103.0,1,58,0.05,100.02
1158,119.0,1,61,0.05,100.18
1159,120.0,1,59,0.05,100.55
1160,121.0,1,59,0.05,101.25
1161,83.0,1,59,0.05,100.94
1162,63.0,1,60,0.05,100.82
1163,97.0,1,62,0.05,100.56
1164,123.0,1,57,0.05,100.78
1165,80.0,1,61,0.05,100.55
1166,83.0,1,59,0.05,100.8
1167,83.0,1,59,0.05,100.63
1168,123.0,1,57,0.05,100.89
1169,63.0,1,60,0.05,100.32
1170,63.0,1,60,0.05,99.98
1171,101.0,1,60,0.05,99.96
1172,117.0,1,61,0.05,99.9
1173,103.0,1,58,0.05,99.76
1174,80.0,1,61,0.05,99.56
1175,103.0,1,58,0.05,99.56
1176,116.0,1,63,0.05,99.49
1177,100.0,1,60,0.05,99.29
1178,103.0,1,58,0.05,99.09
1179,123.0,1,57,0.05,99.34
1180,97.0,1,62,0.05,99.32
1181,57.0,1,64,0.05,99.26
1182,23.0,1,62,0.05,98.66
1183,103.0,1,58,0.05,98.46
1184,123.0,1,57,0.05,98.66
1185,120.0,1,59,0.05,98.75
1186,83.0,1,59,0.05,98.35
1187,41.0,1,96,0.05,97.55
1188,117.0,1,61,0.05,97.69
1189,103.0,1,58,0.05,97.72
1190,80.0,1,61,0.05,97.89
1191,103.0,1,58,0.05,98.09
1192,103.0,1,58,0.05,98.19
1193,83.0,1,59,0.05,97.99
1194,120.0,1,59,0.05,97.96
1195,120.0,1,59,0.05,98.18
1196,123.0,1,57,0.05,98.21
1197,103.0,1,58,0.05,98.61
1198,123.0,1,57,0.05,98.78
1199,120.0,1,59,0.05,98.72
1200,120.0,1,59,0.05,98.91
